Time,Open,High,Low,Close,Volume
2023-01-01 00:00:00,4000.0,4000.0,4000.0,3995.0,100
2023-01-01 01:00:00,4000.5,4000.6,4000.4,3996.5,101
2023-01-01 02:00:00,4001.0,4001.2,4000.8,3998.0,102
2023-01-01 03:00:00,4001.5,4001.8,4001.2,3999.5,103
2023-01-01 04:00:00,4002.0,4002.4,4001.6,4001.0,104
2023-01-01 05:00:00,4002.5,4003.0,4002.0,4002.5,105
2023-01-01 06:00:00,4003.0,4003.6,4002.4,4004.0,106
2023-01-01 07:00:00,4003.5,4004.2,4002.8,4005.5,107
2023-01-01 08:00:00,4004.0,4004.8,4003.2,4007.0,108
2023-01-01 09:00:00,4004.5,4005.4,4003.6,4008.5,109
2023-01-01 10:00:00,4005.0,4006.0,4004.0,4000.0,110
2023-01-01 11:00:00,4005.5,4006.6,4004.4,4001.5,111
2023-01-01 12:00:00,4006.0,4007.2,4004.8,4003.0,112
2023-01-01 13:00:00,4006.5,4007.8,4005.2,4004.5,113
2023-01-01 14:00:00,4007.0,4008.4,4005.6,4006.0,114
2023-01-01 15:00:00,4007.5,4009.0,4006.0,4007.5,115
2023-01-01 16:00:00,4008.0,4009.6,4006.4,4009.0,116
2023-01-01 17:00:00,4008.5,4010.2,4006.8,4010.5,117
2023-01-01 18:00:00,4009.0,4010.8,4007.2,4012.0,118
2023-01-01 19:00:00,4009.5,4011.4,4007.6,4013.5,119
2023-01-01 20:00:00,4010.0,4012.0,4008.0,4005.0,120
2023-01-01 21:00:00,4010.5,4012.6,4008.4,4006.5,121
2023-01-01 22:00:00,4011.0,4013.2,4008.8,4008.0,122
2023-01-01 23:00:00,4011.5,4013.8,4009.2,4009.5,123
2023-01-02 00:00:00,4012.0,4014.4,4009.6,4011.0,124
2023-01-02 01:00:00,4012.5,4015.0,4010.0,4012.5,125
2023-01-02 02:00:00,4013.0,4015.6,4010.4,4014.0,126
2023-01-02 03:00:00,4013.5,4016.2,4010.8,4015.5,127
2023-01-02 04:00:00,4014.0,4016.8,4011.2,4017.0,128
2023-01-02 05:00:00,4014.5,4017.4,4011.6,4018.5,129
2023-01-02 06:00:00,4015.0,4018.0,4012.0,4010.0,130
2023-01-02 07:00:00,4015.5,4018.6,4012.4,4011.5,131
2023-01-02 08:00:00,4016.0,4019.2,4012.8,4013.0,132
2023-01-02 09:00:00,4016.5,4019.8,4013.2,4014.5,133
2023-01-02 10:00:00,4017.0,4020.4,4013.6,4016.0,134
2023-01-02 11:00:00,4017.5,4021.0,4014.0,4017.5,135
2023-01-02 12:00:00,4018.0,4021.6,4014.4,4019.0,136
2023-01-02 13:00:00,4018.5,4022.2,4014.8,4020.5,137
2023-01-02 14:00:00,4019.0,4022.8,4015.2,4022.0,138
2023-01-02 15:00:00,4019.5,4023.4,4015.6,4023.5,139
2023-01-02 16:00:00,4020.0,4024.0,4016.0,4015.0,140
2023-01-02 17:00:00,4020.5,4024.6,4016.4,4016.5,141
2023-01-02 18:00:00,4021.0,4025.2,4016.8,4018.0,142
2023-01-02 19:00:00,4021.5,4025.8,4017.2,4019.5,143
2023-01-02 20:00:00,4022.0,4026.4,4017.6,4021.0,144
2023-01-02 21:00:00,4022.5,4027.0,4018.0,4022.5,145
2023-01-02 22:00:00,4023.0,4027.6,4018.4,4024.0,146
2023-01-02 23:00:00,4023.5,4028.2,4018.8,4025.5,147
2023-01-03 00:00:00,4024.0,4028.8,4019.2,4027.0,148
2023-01-03 01:00:00,4024.5,4029.4,4019.6,4028.5,149
2023-01-03 02:00:00,4025.0,4030.0,4020.0,4020.0,100
2023-01-03 03:00:00,4025.5,4030.6,4020.4,4021.5,101
2023-01-03 04:00:00,4026.0,4031.2,4020.8,4023.0,102
2023-01-03 05:00:00,4026.5,4031.8,4021.2,4024.5,103
2023-01-03 06:00:00,4027.0,4032.4,4021.6,4026.0,104
2023-01-03 07:00:00,4027.5,4033.0,4022.0,4027.5,105
2023-01-03 08:00:00,4028.0,4033.6,4022.4,4029.0,106
2023-01-03 09:00:00,4028.5,4034.2,4022.8,4030.5,107
2023-01-03 10:00:00,4029.0,4034.8,4023.2,4032.0,108
2023-01-03 11:00:00,4029.5,4035.4,4023.6,4033.5,109
2023-01-03 12:00:00,4030.0,4036.0,4024.0,4025.0,110
2023-01-03 13:00:00,4030.5,4036.6,4024.4,4026.5,111
2023-01-03 14:00:00,4031.0,4037.2,4024.8,4028.0,112
2023-01-03 15:00:00,4031.5,4037.8,4025.2,4029.5,113
2023-01-03 16:00:00,4032.0,4038.4,4025.6,4031.0,114
2023-01-03 17:00:00,4032.5,4039.0,4026.0,4032.5,115
2023-01-03 18:00:00,4033.0,4039.6,4026.4,4034.0,116
2023-01-03 19:00:00,4033.5,4040.2,4026.8,4035.5,117
2023-01-03 20:00:00,4034.0,4040.8,4027.2,4037.0,118
2023-01-03 21:00:00,4034.5,4041.4,4027.6,4038.5,119
2023-01-03 22:00:00,4035.0,4042.0,4028.0,4030.0,120
2023-01-03 23:00:00,4035.5,4042.6,4028.4,4031.5,121
2023-01-04 00:00:00,4036.0,4043.2,4028.8,4033.0,122
2023-01-04 01:00:00,4036.5,4043.8,4029.2,4034.5,123
2023-01-04 02:00:00,4037.0,4044.4,4029.6,4036.0,124
2023-01-04 03:00:00,4037.5,4045.0,4030.0,4037.5,125
2023-01-04 04:00:00,4038.0,4045.6,4030.4,4039.0,126
2023-01-04 05:00:00,4038.5,4046.2,4030.8,4040.5,127
2023-01-04 06:00:00,4039.0,4046.8,4031.2,4042.0,128
2023-01-04 07:00:00,4039.5,4047.4,4031.6,4043.5,129
2023-01-04 08:00:00,4040.0,4048.0,4032.0,4035.0,130
2023-01-04 09:00:00,4040.5,4048.6,4032.4,4036.5,131
2023-01-04 10:00:00,4041.0,4049.2,4032.8,4038.0,132
2023-01-04 11:00:00,4041.5,4049.8,4033.2,4039.5,133
2023-01-04 12:00:00,4042.0,4050.4,4033.6,4041.0,134
2023-01-04 13:00:00,4042.5,4051.0,4034.0,4042.5,135
2023-01-04 14:00:00,4043.0,4051.6,4034.4,4044.0,136
2023-01-04 15:00:00,4043.5,4052.2,4034.8,4045.5,137
2023-01-04 16:00:00,4044.0,4052.8,4035.2,4047.0,138
2023-01-04 17:00:00,4044.5,4053.4,4035.6,4048.5,139
2023-01-04 18:00:00,4045.0,4054.0,4036.0,4040.0,140
2023-01-04 19:00:00,4045.5,4054.6,4036.4,4041.5,141
2023-01-04 20:00:00,4046.0,4055.2,4036.8,4043.0,142
2023-01-04 21:00:00,4046.5,4055.8,4037.2,4044.5,143
2023-01-04 22:00:00,4047.0,4056.4,4037.6,4046.0,144
2023-01-04 23:00:00,4047.5,4057.0,4038.0,4047.5,145
2023-01-05 00:00:00,4048.0,4057.6,4038.4,4049.0,146
2023-01-05 01:00:00,4048.5,4058.2,4038.8,4050.5,147
2023-01-05 02:00:00,4049.0,4058.8,4039.2,4052.0,148
2023-01-05 03:00:00,4049.5,4059.4,4039.6,4053.5,149
2023-01-05 04:00:00,4050.0,4060.0,4040.0,4045.0,100
2023-01-05 05:00:00,4050.5,4060.6,4040.4,4046.5,101
2023-01-05 06:00:00,4051.0,4061.2,4040.8,4048.0,102
2023-01-05 07:00:00,4051.5,4061.8,4041.2,4049.5,103
2023-01-05 08:00:00,4052.0,4062.4,4041.6,4051.0,104
2023-01-05 09:00:00,4052.5,4063.0,4042.0,4052.5,105
2023-01-05 10:00:00,4053.0,4063.6,4042.4,4054.0,106
2023-01-05 11:00:00,4053.5,4064.2,4042.8,4055.5,107
2023-01-05 12:00:00,4054.0,4064.8,4043.2,4057.0,108
2023-01-05 13:00:00,4054.5,4065.4,4043.6,4058.5,109
2023-01-05 14:00:00,4055.0,4066.0,4044.0,4050.0,110
2023-01-05 15:00:00,4055.5,4066.6,4044.4,4051.5,111
2023-01-05 16:00:00,4056.0,4067.2,4044.8,4053.0,112
2023-01-05 17:00:00,4056.5,4067.8,4045.2,4054.5,113
2023-01-05 18:00:00,4057.0,4068.4,4045.6,4056.0,114
2023-01-05 19:00:00,4057.5,4069.0,4046.0,4057.5,115
2023-01-05 20:00:00,4058.0,4069.6,4046.4,4059.0,116
2023-01-05 21:00:00,4058.5,4070.2,4046.8,4060.5,117
2023-01-05 22:00:00,4059.0,4070.8,4047.2,4062.0,118
2023-01-05 23:00:00,4059.5,4071.4,4047.6,4063.5,119
2023-01-06 00:00:00,4060.0,4072.0,4048.0,4055.0,120
2023-01-06 01:00:00,4060.5,4072.6,4048.4,4056.5,121
2023-01-06 02:00:00,4061.0,4073.2,4048.8,4058.0,122
2023-01-06 03:00:00,4061.5,4073.8,4049.2,4059.5,123
2023-01-06 04:00:00,4062.0,4074.4,4049.6,4061.0,124
2023-01-06 05:00:00,4062.5,4075.0,4050.0,4062.5,125
2023-01-06 06:00:00,4063.0,4075.6,4050.4,4064.0,126
2023-01-06 07:00:00,4063.5,4076.2,4050.8,4065.5,127
2023-01-06 08:00:00,4064.0,4076.8,4051.2,4067.0,128
2023-01-06 09:00:00,4064.5,4077.4,4051.6,4068.5,129
2023-01-06 10:00:00,4065.0,4078.0,4052.0,4060.0,130
2023-01-06 11:00:00,4065.5,4078.6,4052.4,4061.5,131
2023-01-06 12:00:00,4066.0,4079.2,4052.8,4063.0,132
2023-01-06 13:00:00,4066.5,4079.8,4053.2,4064.5,133
2023-01-06 14:00:00,4067.0,4080.4,4053.6,4066.0,134
2023-01-06 15:00:00,4067.5,4081.0,4054.0,4067.5,135
2023-01-06 16:00:00,4068.0,4081.6,4054.4,4069.0,136
2023-01-06 17:00:00,4068.5,4082.2,4054.8,4070.5,137
2023-01-06 18:00:00,4069.0,4082.8,4055.2,4072.0,138
2023-01-06 19:00:00,4069.5,4083.4,4055.6,4073.5,139
2023-01-06 20:00:00,4070.0,4084.0,4056.0,4065.0,140
2023-01-06 21:00:00,4070.5,4084.6,4056.4,4066.5,141
2023-01-06 22:00:00,4071.0,4085.2,4056.8,4068.0,142
2023-01-06 23:00:00,4071.5,4085.8,4057.2,4069.5,143
2023-01-07 00:00:00,4072.0,4086.4,4057.6,4071.0,144
2023-01-07 01:00:00,4072.5,4087.0,4058.0,4072.5,145
2023-01-07 02:00:00,4073.0,4087.6,4058.4,4074.0,146
2023-01-07 03:00:00,4073.5,4088.2,4058.8,4075.5,147
2023-01-07 04:00:00,4074.0,4088.8,4059.2,4077.0,148
2023-01-07 05:00:00,4074.5,4089.4,4059.6,4078.5,149
2023-01-07 06:00:00,4075.0,4090.0,4060.0,4070.0,100
2023-01-07 07:00:00,4075.5,4090.6,4060.4,4071.5,101
2023-01-07 08:00:00,4076.0,4091.2,4060.8,4073.0,102
2023-01-07 09:00:00,4076.5,4091.8,4061.2,4074.5,103
2023-01-07 10:00:00,4077.0,4092.4,4061.6,4076.0,104
2023-01-07 11:00:00,4077.5,4093.0,4062.0,4077.5,105
2023-01-07 12:00:00,4078.0,4093.6,4062.4,4079.0,106
2023-01-07 13:00:00,4078.5,4094.2,4062.8,4080.5,107
2023-01-07 14:00:00,4079.0,4094.8,4063.2,4082.0,108
2023-01-07 15:00:00,4079.5,4095.4,4063.6,4083.5,109
2023-01-07 16:00:00,4080.0,4096.0,4064.0,4075.0,110
2023-01-07 17:00:00,4080.5,4096.6,4064.4,4076.5,111
2023-01-07 18:00:00,4081.0,4097.2,4064.8,4078.0,112
2023-01-07 19:00:00,4081.5,4097.8,4065.2,4079.5,113
2023-01-07 20:00:00,4082.0,4098.4,4065.6,4081.0,114
2023-01-07 21:00:00,4082.5,4099.0,4066.0,4082.5,115
2023-01-07 22:00:00,4083.0,4099.6,4066.4,4084.0,116
2023-01-07 23:00:00,4083.5,4100.2,4066.8,4085.5,117
2023-01-08 00:00:00,4084.0,4100.8,4067.2,4087.0,118
2023-01-08 01:00:00,4084.5,4101.4,4067.6,4088.5,119
2023-01-08 02:00:00,4085.0,4102.0,4068.0,4080.0,120
2023-01-08 03:00:00,4085.5,4102.6,4068.4,4081.5,121
2023-01-08 04:00:00,4086.0,4103.2,4068.8,4083.0,122
2023-01-08 05:00:00,4086.5,4103.8,4069.2,4084.5,123
2023-01-08 06:00:00,4087.0,4104.4,4069.6,4086.0,124
2023-01-08 07:00:00,4087.5,4105.0,4070.0,4087.5,125
2023-01-08 08:00:00,4088.0,4105.6,4070.4,4089.0,126
2023-01-08 09:00:00,4088.5,4106.2,4070.8,4090.5,127
2023-01-08 10:00:00,4089.0,4106.8,4071.2,4092.0,128
2023-01-08 11:00:00,4089.5,4107.4,4071.6,4093.5,129
2023-01-08 12:00:00,4090.0,4108.0,4072.0,4085.0,130
2023-01-08 13:00:00,4090.5,4108.6,4072.4,4086.5,131
2023-01-08 14:00:00,4091.0,4109.2,4072.8,4088.0,132
2023-01-08 15:00:00,4091.5,4109.8,4073.2,4089.5,133
2023-01-08 16:00:00,4092.0,4110.4,4073.6,4091.0,134
2023-01-08 17:00:00,4092.5,4111.0,4074.0,4092.5,135
2023-01-08 18:00:00,4093.0,4111.6,4074.4,4094.0,136
2023-01-08 19:00:00,4093.5,4112.2,4074.8,4095.5,137
2023-01-08 20:00:00,4094.0,4112.8,4075.2,4097.0,138
2023-01-08 21:00:00,4094.5,4113.4,4075.6,4098.5,139
2023-01-08 22:00:00,4095.0,4114.0,4076.0,4090.0,140
2023-01-08 23:00:00,4095.5,4114.6,4076.4,4091.5,141
2023-01-09 00:00:00,4096.0,4115.2,4076.8,4093.0,142
2023-01-09 01:00:00,4096.5,4115.8,4077.2,4094.5,143
2023-01-09 02:00:00,4097.0,4116.4,4077.6,4096.0,144
2023-01-09 03:00:00,4097.5,4117.0,4078.0,4097.5,145
2023-01-09 04:00:00,4098.0,4117.6,4078.4,4099.0,146
2023-01-09 05:00:00,4098.5,4118.2,4078.8,4100.5,147
2023-01-09 06:00:00,4099.0,4118.8,4079.2,4102.0,148
2023-01-09 07:00:00,4099.5,4119.4,4079.6,4103.5,149
2023-01-09 08:00:00,4100.0,4120.0,4080.0,4095.0,100
2023-01-09 09:00:00,4100.5,4120.6,4080.4,4096.5,101
2023-01-09 10:00:00,4101.0,4121.2,4080.8,4098.0,102
2023-01-09 11:00:00,4101.5,4121.8,4081.2,4099.5,103
2023-01-09 12:00:00,4102.0,4122.4,4081.6,4101.0,104
2023-01-09 13:00:00,4102.5,4123.0,4082.0,4102.5,105
2023-01-09 14:00:00,4103.0,4123.6,4082.4,4104.0,106
2023-01-09 15:00:00,4103.5,4124.2,4082.8,4105.5,107
2023-01-09 16:00:00,4104.0,4124.8,4083.2,4107.0,108
2023-01-09 17:00:00,4104.5,4125.4,4083.6,4108.5,109
2023-01-09 18:00:00,4105.0,4126.0,4084.0,4100.0,110
2023-01-09 19:00:00,4105.5,4126.6,4084.4,4101.5,111
2023-01-09 20:00:00,4106.0,4127.2,4084.8,4103.0,112
2023-01-09 21:00:00,4106.5,4127.8,4085.2,4104.5,113
2023-01-09 22:00:00,4107.0,4128.4,4085.6,4106.0,114
2023-01-09 23:00:00,4107.5,4129.0,4086.0,4107.5,115
2023-01-10 00:00:00,4108.0,4129.6,4086.4,4109.0,116
2023-01-10 01:00:00,4108.5,4130.2,4086.8,4110.5,117
2023-01-10 02:00:00,4109.0,4130.8,4087.2,4112.0,118
2023-01-10 03:00:00,4109.5,4131.4,4087.6,4113.5,119
2023-01-10 04:00:00,4110.0,4132.0,4088.0,4105.0,120
2023-01-10 05:00:00,4110.5,4132.6,4088.4,4106.5,121
2023-01-10 06:00:00,4111.0,4133.2,4088.8,4108.0,122
2023-01-10 07:00:00,4111.5,4133.8,4089.2,4109.5,123
2023-01-10 08:00:00,4112.0,4134.4,4089.6,4111.0,124
2023-01-10 09:00:00,4112.5,4135.0,4090.0,4112.5,125
2023-01-10 10:00:00,4113.0,4135.6,4090.4,4114.0,126
2023-01-10 11:00:00,4113.5,4136.2,4090.8,4115.5,127
2023-01-10 12:00:00,4114.0,4136.8,4091.2,4117.0,128
2023-01-10 13:00:00,4114.5,4137.4,4091.6,4118.5,129
2023-01-10 14:00:00,4115.0,4138.0,4092.0,4110.0,130
2023-01-10 15:00:00,4115.5,4138.6,4092.4,4111.5,131
2023-01-10 16:00:00,4116.0,4139.2,4092.8,4113.0,132
2023-01-10 17:00:00,4116.5,4139.8,4093.2,4114.5,133
2023-01-10 18:00:00,4117.0,4140.4,4093.6,4116.0,134
2023-01-10 19:00:00,4117.5,4141.0,4094.0,4117.5,135
2023-01-10 20:00:00,4118.0,4141.6,4094.4,4119.0,136
2023-01-10 21:00:00,4118.5,4142.2,4094.8,4120.5,137
2023-01-10 22:00:00,4119.0,4142.8,4095.2,4122.0,138
2023-01-10 23:00:00,4119.5,4143.4,4095.6,4123.5,139
2023-01-11 00:00:00,4120.0,4144.0,4096.0,4115.0,140
2023-01-11 01:00:00,4120.5,4144.6,4096.4,4116.5,141
2023-01-11 02:00:00,4121.0,4145.2,4096.8,4118.0,142
2023-01-11 03:00:00,4121.5,4145.8,4097.2,4119.5,143
2023-01-11 04:00:00,4122.0,4146.4,4097.6,4121.0,144
2023-01-11 05:00:00,4122.5,4147.0,4098.0,4122.5,145
2023-01-11 06:00:00,4123.0,4147.6,4098.4,4124.0,146
2023-01-11 07:00:00,4123.5,4148.2,4098.8,4125.5,147
2023-01-11 08:00:00,4124.0,4148.8,4099.2,4127.0,148
2023-01-11 09:00:00,4124.5,4149.4,4099.6,4128.5,149
2023-01-11 10:00:00,4125.0,4150.0,4100.0,4120.0,100
2023-01-11 11:00:00,4125.5,4150.6,4100.4,4121.5,101
2023-01-11 12:00:00,4126.0,4151.2,4100.8,4123.0,102
2023-01-11 13:00:00,4126.5,4151.8,4101.2,4124.5,103
2023-01-11 14:00:00,4127.0,4152.4,4101.6,4126.0,104
2023-01-11 15:00:00,4127.5,4153.0,4102.0,4127.5,105
2023-01-11 16:00:00,4128.0,4153.6,4102.4,4129.0,106
2023-01-11 17:00:00,4128.5,4154.2,4102.8,4130.5,107
2023-01-11 18:00:00,4129.0,4154.8,4103.2,4132.0,108
2023-01-11 19:00:00,4129.5,4155.4,4103.6,4133.5,109
2023-01-11 20:00:00,4130.0,4156.0,4104.0,4125.0,110
2023-01-11 21:00:00,4130.5,4156.6,4104.4,4126.5,111
2023-01-11 22:00:00,4131.0,4157.2,4104.8,4128.0,112
2023-01-11 23:00:00,4131.5,4157.8,4105.2,4129.5,113
2023-01-12 00:00:00,4132.0,4158.4,4105.6,4131.0,114
2023-01-12 01:00:00,4132.5,4159.0,4106.0,4132.5,115
2023-01-12 02:00:00,4133.0,4159.6,4106.4,4134.0,116
2023-01-12 03:00:00,4133.5,4160.2,4106.8,4135.5,117
2023-01-12 04:00:00,4134.0,4160.8,4107.2,4137.0,118
2023-01-12 05:00:00,4134.5,4161.4,4107.6,4138.5,119
2023-01-12 06:00:00,4135.0,4162.0,4108.0,4130.0,120
2023-01-12 07:00:00,4135.5,4162.6,4108.4,4131.5,121
2023-01-12 08:00:00,4136.0,4163.2,4108.8,4133.0,122
2023-01-12 09:00:00,4136.5,4163.8,4109.2,4134.5,123
2023-01-12 10:00:00,4137.0,4164.4,4109.6,4136.0,124
2023-01-12 11:00:00,4137.5,4165.0,4110.0,4137.5,125
2023-01-12 12:00:00,4138.0,4165.6,4110.4,4139.0,126
2023-01-12 13:00:00,4138.5,4166.2,4110.8,4140.5,127
2023-01-12 14:00:00,4139.0,4166.8,4111.2,4142.0,128
2023-01-12 15:00:00,4139.5,4167.4,4111.6,4143.5,129
2023-01-12 16:00:00,4140.0,4168.0,4112.0,4135.0,130
2023-01-12 17:00:00,4140.5,4168.6,4112.4,4136.5,131
2023-01-12 18:00:00,4141.0,4169.2,4112.8,4138.0,132
2023-01-12 19:00:00,4141.5,4169.8,4113.2,4139.5,133
2023-01-12 20:00:00,4142.0,4170.4,4113.6,4141.0,134
2023-01-12 21:00:00,4142.5,4171.0,4114.0,4142.5,135
2023-01-12 22:00:00,4143.0,4171.6,4114.4,4144.0,136
2023-01-12 23:00:00,4143.5,4172.2,4114.8,4145.5,137
2023-01-13 00:00:00,4144.0,4172.8,4115.2,4147.0,138
2023-01-13 01:00:00,4144.5,4173.4,4115.6,4148.5,139
2023-01-13 02:00:00,4145.0,4174.0,4116.0,4140.0,140
2023-01-13 03:00:00,4145.5,4174.6,4116.4,4141.5,141
2023-01-13 04:00:00,4146.0,4175.2,4116.8,4143.0,142
2023-01-13 05:00:00,4146.5,4175.8,4117.2,4144.5,143
2023-01-13 06:00:00,4147.0,4176.4,4117.6,4146.0,144
2023-01-13 07:00:00,4147.5,4177.0,4118.0,4147.5,145
2023-01-13 08:00:00,4148.0,4177.6,4118.4,4149.0,146
2023-01-13 09:00:00,4148.5,4178.2,4118.8,4150.5,147
2023-01-13 10:00:00,4149.0,4178.8,4119.2,4152.0,148
2023-01-13 11:00:00,4149.5,4179.4,4119.6,4153.5,149
2023-01-13 12:00:00,4150.0,4180.0,4120.0,4145.0,100
2023-01-13 13:00:00,4150.5,4180.6,4120.4,4146.5,101
2023-01-13 14:00:00,4151.0,4181.2,4120.8,4148.0,102
2023-01-13 15:00:00,4151.5,4181.8,4121.2,4149.5,103
2023-01-13 16:00:00,4152.0,4182.4,4121.6,4151.0,104
2023-01-13 17:00:00,4152.5,4183.0,4122.0,4152.5,105
2023-01-13 18:00:00,4153.0,4183.6,4122.4,4154.0,106
2023-01-13 19:00:00,4153.5,4184.2,4122.8,4155.5,107
2023-01-13 20:00:00,4154.0,4184.8,4123.2,4157.0,108
2023-01-13 21:00:00,4154.5,4185.4,4123.6,4158.5,109
2023-01-13 22:00:00,4155.0,4186.0,4124.0,4150.0,110
2023-01-13 23:00:00,4155.5,4186.6,4124.4,4151.5,111
2023-01-14 00:00:00,4156.0,4187.2,4124.8,4153.0,112
2023-01-14 01:00:00,4156.5,4187.8,4125.2,4154.5,113
2023-01-14 02:00:00,4157.0,4188.4,4125.6,4156.0,114
2023-01-14 03:00:00,4157.5,4189.0,4126.0,4157.5,115
2023-01-14 04:00:00,4158.0,4189.6,4126.4,4159.0,116
2023-01-14 05:00:00,4158.5,4190.2,4126.8,4160.5,117
2023-01-14 06:00:00,4159.0,4190.8,4127.2,4162.0,118
2023-01-14 07:00:00,4159.5,4191.4,4127.6,4163.5,119
2023-01-14 08:00:00,4160.0,4192.0,4128.0,4155.0,120
2023-01-14 09:00:00,4160.5,4192.6,4128.4,4156.5,121
2023-01-14 10:00:00,4161.0,4193.2,4128.8,4158.0,122
2023-01-14 11:00:00,4161.5,4193.8,4129.2,4159.5,123
2023-01-14 12:00:00,4162.0,4194.4,4129.6,4161.0,124
2023-01-14 13:00:00,4162.5,4195.0,4130.0,4162.5,125
2023-01-14 14:00:00,4163.0,4195.6,4130.4,4164.0,126
2023-01-14 15:00:00,4163.5,4196.2,4130.8,4165.5,127
2023-01-14 16:00:00,4164.0,4196.8,4131.2,4167.0,128
2023-01-14 17:00:00,4164.5,4197.4,4131.6,4168.5,129
2023-01-14 18:00:00,4165.0,4198.0,4132.0,4160.0,130
2023-01-14 19:00:00,4165.5,4198.6,4132.4,4161.5,131
2023-01-14 20:00:00,4166.0,4199.2,4132.8,4163.0,132
2023-01-14 21:00:00,4166.5,4199.8,4133.2,4164.5,133
2023-01-14 22:00:00,4167.0,4200.4,4133.6,4166.0,134
2023-01-14 23:00:00,4167.5,4201.0,4134.0,4167.5,135
2023-01-15 00:00:00,4168.0,4201.6,4134.4,4169.0,136
2023-01-15 01:00:00,4168.5,4202.2,4134.8,4170.5,137
2023-01-15 02:00:00,4169.0,4202.8,4135.2,4172.0,138
2023-01-15 03:00:00,4169.5,4203.4,4135.6,4173.5,139
2023-01-15 04:00:00,4170.0,4204.0,4136.0,4165.0,140
2023-01-15 05:00:00,4170.5,4204.6,4136.4,4166.5,141
2023-01-15 06:00:00,4171.0,4205.2,4136.8,4168.0,142
2023-01-15 07:00:00,4171.5,4205.8,4137.2,4169.5,143
2023-01-15 08:00:00,4172.0,4206.4,4137.6,4171.0,144
2023-01-15 09:00:00,4172.5,4207.0,4138.0,4172.5,145
2023-01-15 10:00:00,4173.0,4207.6,4138.4,4174.0,146
2023-01-15 11:00:00,4173.5,4208.2,4138.8,4175.5,147
2023-01-15 12:00:00,4174.0,4208.8,4139.2,4177.0,148
2023-01-15 13:00:00,4174.5,4209.4,4139.6,4178.5,149
2023-01-15 14:00:00,4175.0,4210.0,4140.0,4170.0,100
2023-01-15 15:00:00,4175.5,4210.6,4140.4,4171.5,101
2023-01-15 16:00:00,4176.0,4211.2,4140.8,4173.0,102
2023-01-15 17:00:00,4176.5,4211.8,4141.2,4174.5,103
2023-01-15 18:00:00,4177.0,4212.4,4141.6,4176.0,104
2023-01-15 19:00:00,4177.5,4213.0,4142.0,4177.5,105
2023-01-15 20:00:00,4178.0,4213.6,4142.4,4179.0,106
2023-01-15 21:00:00,4178.5,4214.2,4142.8,4180.5,107
2023-01-15 22:00:00,4179.0,4214.8,4143.2,4182.0,108
2023-01-15 23:00:00,4179.5,4215.4,4143.6,4183.5,109
2023-01-16 00:00:00,4180.0,4216.0,4144.0,4175.0,110
2023-01-16 01:00:00,4180.5,4216.6,4144.4,4176.5,111
2023-01-16 02:00:00,4181.0,4217.2,4144.8,4178.0,112
2023-01-16 03:00:00,4181.5,4217.8,4145.2,4179.5,113
2023-01-16 04:00:00,4182.0,4218.4,4145.6,4181.0,114
2023-01-16 05:00:00,4182.5,4219.0,4146.0,4182.5,115
2023-01-16 06:00:00,4183.0,4219.6,4146.4,4184.0,116
2023-01-16 07:00:00,4183.5,4220.2,4146.8,4185.5,117
2023-01-16 08:00:00,4184.0,4220.8,4147.2,4187.0,118
2023-01-16 09:00:00,4184.5,4221.4,4147.6,4188.5,119
2023-01-16 10:00:00,4185.0,4222.0,4148.0,4180.0,120
2023-01-16 11:00:00,4185.5,4222.6,4148.4,4181.5,121
2023-01-16 12:00:00,4186.0,4223.2,4148.8,4183.0,122
2023-01-16 13:00:00,4186.5,4223.8,4149.2,4184.5,123
2023-01-16 14:00:00,4187.0,4224.4,4149.6,4186.0,124
2023-01-16 15:00:00,4187.5,4225.0,4150.0,4187.5,125
2023-01-16 16:00:00,4188.0,4225.6,4150.4,4189.0,126
2023-01-16 17:00:00,4188.5,4226.2,4150.8,4190.5,127
2023-01-16 18:00:00,4189.0,4226.8,4151.2,4192.0,128
2023-01-16 19:00:00,4189.5,4227.4,4151.6,4193.5,129
2023-01-16 20:00:00,4190.0,4228.0,4152.0,4185.0,130
2023-01-16 21:00:00,4190.5,4228.6,4152.4,4186.5,131
2023-01-16 22:00:00,4191.0,4229.2,4152.8,4188.0,132
2023-01-16 23:00:00,4191.5,4229.8,4153.2,4189.5,133
2023-01-17 00:00:00,4192.0,4230.4,4153.6,4191.0,134
2023-01-17 01:00:00,4192.5,4231.0,4154.0,4192.5,135
2023-01-17 02:00:00,4193.0,4231.6,4154.4,4194.0,136
2023-01-17 03:00:00,4193.5,4232.2,4154.8,4195.5,137
2023-01-17 04:00:00,4194.0,4232.8,4155.2,4197.0,138
2023-01-17 05:00:00,4194.5,4233.4,4155.6,4198.5,139
2023-01-17 06:00:00,4195.0,4234.0,4156.0,4190.0,140
2023-01-17 07:00:00,4195.5,4234.6,4156.4,4191.5,141
2023-01-17 08:00:00,4196.0,4235.2,4156.8,4193.0,142
2023-01-17 09:00:00,4196.5,4235.8,4157.2,4194.5,143
2023-01-17 10:00:00,4197.0,4236.4,4157.6,4196.0,144
2023-01-17 11:00:00,4197.5,4237.0,4158.0,4197.5,145
2023-01-17 12:00:00,4198.0,4237.6,4158.4,4199.0,146
2023-01-17 13:00:00,4198.5,4238.2,4158.8,4200.5,147
2023-01-17 14:00:00,4199.0,4238.8,4159.2,4202.0,148
2023-01-17 15:00:00,4199.5,4239.4,4159.6,4203.5,149
2023-01-17 16:00:00,4200.0,4240.0,4160.0,4195.0,100
2023-01-17 17:00:00,4200.5,4240.6,4160.4,4196.5,101
2023-01-17 18:00:00,4201.0,4241.2,4160.8,4198.0,102
2023-01-17 19:00:00,4201.5,4241.8,4161.2,4199.5,103
2023-01-17 20:00:00,4202.0,4242.4,4161.6,4201.0,104
2023-01-17 21:00:00,4202.5,4243.0,4162.0,4202.5,105
2023-01-17 22:00:00,4203.0,4243.6,4162.4,4204.0,106
2023-01-17 23:00:00,4203.5,4244.2,4162.8,4205.5,107
2023-01-18 00:00:00,4204.0,4244.8,4163.2,4207.0,108
2023-01-18 01:00:00,4204.5,4245.4,4163.6,4208.5,109
2023-01-18 02:00:00,4205.0,4246.0,4164.0,4200.0,110
2023-01-18 03:00:00,4205.5,4246.6,4164.4,4201.5,111
2023-01-18 04:00:00,4206.0,4247.2,4164.8,4203.0,112
2023-01-18 05:00:00,4206.5,4247.8,4165.2,4204.5,113
2023-01-18 06:00:00,4207.0,4248.4,4165.6,4206.0,114
2023-01-18 07:00:00,4207.5,4249.0,4166.0,4207.5,115
2023-01-18 08:00:00,4208.0,4249.6,4166.4,4209.0,116
2023-01-18 09:00:00,4208.5,4250.2,4166.8,4210.5,117
2023-01-18 10:00:00,4209.0,4250.8,4167.2,4212.0,118
2023-01-18 11:00:00,4209.5,4251.4,4167.6,4213.5,119
2023-01-18 12:00:00,4210.0,4252.0,4168.0,4205.0,120
2023-01-18 13:00:00,4210.5,4252.6,4168.4,4206.5,121
2023-01-18 14:00:00,4211.0,4253.2,4168.8,4208.0,122
2023-01-18 15:00:00,4211.5,4253.8,4169.2,4209.5,123
2023-01-18 16:00:00,4212.0,4254.4,4169.6,4211.0,124
2023-01-18 17:00:00,4212.5,4255.0,4170.0,4212.5,125
2023-01-18 18:00:00,4213.0,4255.6,4170.4,4214.0,126
2023-01-18 19:00:00,4213.5,4256.2,4170.8,4215.5,127
2023-01-18 20:00:00,4214.0,4256.8,4171.2,4217.0,128
2023-01-18 21:00:00,4214.5,4257.4,4171.6,4218.5,129
2023-01-18 22:00:00,4215.0,4258.0,4172.0,4210.0,130
2023-01-18 23:00:00,4215.5,4258.6,4172.4,4211.5,131
2023-01-19 00:00:00,4216.0,4259.2,4172.8,4213.0,132
2023-01-19 01:00:00,4216.5,4259.8,4173.2,4214.5,133
2023-01-19 02:00:00,4217.0,4260.4,4173.6,4216.0,134
2023-01-19 03:00:00,4217.5,4261.0,4174.0,4217.5,135
2023-01-19 04:00:00,4218.0,4261.6,4174.4,4219.0,136
2023-01-19 05:00:00,4218.5,4262.2,4174.8,4220.5,137
2023-01-19 06:00:00,4219.0,4262.8,4175.2,4222.0,138
2023-01-19 07:00:00,4219.5,4263.4,4175.6,4223.5,139
2023-01-19 08:00:00,4220.0,4264.0,4176.0,4215.0,140
2023-01-19 09:00:00,4220.5,4264.6,4176.4,4216.5,141
2023-01-19 10:00:00,4221.0,4265.2,4176.8,4218.0,142
2023-01-19 11:00:00,4221.5,4265.8,4177.2,4219.5,143
2023-01-19 12:00:00,4222.0,4266.4,4177.6,4221.0,144
2023-01-19 13:00:00,4222.5,4267.0,4178.0,4222.5,145
2023-01-19 14:00:00,4223.0,4267.6,4178.4,4224.0,146
2023-01-19 15:00:00,4223.5,4268.2,4178.8,4225.5,147
2023-01-19 16:00:00,4224.0,4268.8,4179.2,4227.0,148
2023-01-19 17:00:00,4224.5,4269.4,4179.6,4228.5,149
2023-01-19 18:00:00,4225.0,4270.0,4180.0,4220.0,100
2023-01-19 19:00:00,4225.5,4270.6,4180.4,4221.5,101
2023-01-19 20:00:00,4226.0,4271.2,4180.8,4223.0,102
2023-01-19 21:00:00,4226.5,4271.8,4181.2,4224.5,103
2023-01-19 22:00:00,4227.0,4272.4,4181.6,4226.0,104
2023-01-19 23:00:00,4227.5,4273.0,4182.0,4227.5,105
2023-01-20 00:00:00,4228.0,4273.6,4182.4,4229.0,106
2023-01-20 01:00:00,4228.5,4274.2,4182.8,4230.5,107
2023-01-20 02:00:00,4229.0,4274.8,4183.2,4232.0,108
2023-01-20 03:00:00,4229.5,4275.4,4183.6,4233.5,109
2023-01-20 04:00:00,4230.0,4276.0,4184.0,4225.0,110
2023-01-20 05:00:00,4230.5,4276.6,4184.4,4226.5,111
2023-01-20 06:00:00,4231.0,4277.2,4184.8,4228.0,112
2023-01-20 07:00:00,4231.5,4277.8,4185.2,4229.5,113
2023-01-20 08:00:00,4232.0,4278.4,4185.6,4231.0,114
2023-01-20 09:00:00,4232.5,4279.0,4186.0,4232.5,115
2023-01-20 10:00:00,4233.0,4279.6,4186.4,4234.0,116
2023-01-20 11:00:00,4233.5,4280.2,4186.8,4235.5,117
2023-01-20 12:00:00,4234.0,4280.8,4187.2,4237.0,118
2023-01-20 13:00:00,4234.5,4281.4,4187.6,4238.5,119
2023-01-20 14:00:00,4235.0,4282.0,4188.0,4230.0,120
2023-01-20 15:00:00,4235.5,4282.6,4188.4,4231.5,121
2023-01-20 16:00:00,4236.0,4283.2,4188.8,4233.0,122
2023-01-20 17:00:00,4236.5,4283.8,4189.2,4234.5,123
2023-01-20 18:00:00,4237.0,4284.4,4189.6,4236.0,124
2023-01-20 19:00:00,4237.5,4285.0,4190.0,4237.5,125
2023-01-20 20:00:00,4238.0,4285.6,4190.4,4239.0,126
2023-01-20 21:00:00,4238.5,4286.2,4190.8,4240.5,127
2023-01-20 22:00:00,4239.0,4286.8,4191.2,4242.0,128
2023-01-20 23:00:00,4239.5,4287.4,4191.6,4243.5,129
2023-01-21 00:00:00,4240.0,4288.0,4192.0,4235.0,130
2023-01-21 01:00:00,4240.5,4288.6,4192.4,4236.5,131
2023-01-21 02:00:00,4241.0,4289.2,4192.8,4238.0,132
2023-01-21 03:00:00,4241.5,4289.8,4193.2,4239.5,133
2023-01-21 04:00:00,4242.0,4290.4,4193.6,4241.0,134
2023-01-21 05:00:00,4242.5,4291.0,4194.0,4242.5,135
2023-01-21 06:00:00,4243.0,4291.6,4194.4,4244.0,136
2023-01-21 07:00:00,4243.5,4292.2,4194.8,4245.5,137
2023-01-21 08:00:00,4244.0,4292.8,4195.2,4247.0,138
2023-01-21 09:00:00,4244.5,4293.4,4195.6,4248.5,139
2023-01-21 10:00:00,4245.0,4294.0,4196.0,4240.0,140
2023-01-21 11:00:00,4245.5,4294.6,4196.4,4241.5,141
2023-01-21 12:00:00,4246.0,4295.2,4196.8,4243.0,142
2023-01-21 13:00:00,4246.5,4295.8,4197.2,4244.5,143
2023-01-21 14:00:00,4247.0,4296.4,4197.6,4246.0,144
2023-01-21 15:00:00,4247.5,4297.0,4198.0,4247.5,145
2023-01-21 16:00:00,4248.0,4297.6,4198.4,4249.0,146
2023-01-21 17:00:00,4248.5,4298.2,4198.8,4250.5,147
2023-01-21 18:00:00,4249.0,4298.8,4199.2,4252.0,148
2023-01-21 19:00:00,4249.5,4299.4,4199.6,4253.5,149
2023-01-21 20:00:00,4250.0,4300.0,4200.0,4245.0,100
2023-01-21 21:00:00,4250.5,4300.6,4200.4,4246.5,101
2023-01-21 22:00:00,4251.0,4301.2,4200.8,4248.0,102
2023-01-21 23:00:00,4251.5,4301.8,4201.2,4249.5,103
2023-01-22 00:00:00,4252.0,4302.4,4201.6,4251.0,104
2023-01-22 01:00:00,4252.5,4303.0,4202.0,4252.5,105
2023-01-22 02:00:00,4253.0,4303.6,4202.4,4254.0,106
2023-01-22 03:00:00,4253.5,4304.2,4202.8,4255.5,107
2023-01-22 04:00:00,4254.0,4304.8,4203.2,4257.0,108
2023-01-22 05:00:00,4254.5,4305.4,4203.6,4258.5,109
2023-01-22 06:00:00,4255.0,4306.0,4204.0,4250.0,110
2023-01-22 07:00:00,4255.5,4306.6,4204.4,4251.5,111
2023-01-22 08:00:00,4256.0,4307.2,4204.8,4253.0,112
2023-01-22 09:00:00,4256.5,4307.8,4205.2,4254.5,113
2023-01-22 10:00:00,4257.0,4308.4,4205.6,4256.0,114
2023-01-22 11:00:00,4257.5,4309.0,4206.0,4257.5,115
2023-01-22 12:00:00,4258.0,4309.6,4206.4,4259.0,116
2023-01-22 13:00:00,4258.5,4310.2,4206.8,4260.5,117
2023-01-22 14:00:00,4259.0,4310.8,4207.2,4262.0,118
2023-01-22 15:00:00,4259.5,4311.4,4207.6,4263.5,119
2023-01-22 16:00:00,4260.0,4312.0,4208.0,4255.0,120
2023-01-22 17:00:00,4260.5,4312.6,4208.4,4256.5,121
2023-01-22 18:00:00,4261.0,4313.2,4208.8,4258.0,122
2023-01-22 19:00:00,4261.5,4313.8,4209.2,4259.5,123
2023-01-22 20:00:00,4262.0,4314.4,4209.6,4261.0,124
2023-01-22 21:00:00,4262.5,4315.0,4210.0,4262.5,125
2023-01-22 22:00:00,4263.0,4315.6,4210.4,4264.0,126
2023-01-22 23:00:00,4263.5,4316.2,4210.8,4265.5,127
2023-01-23 00:00:00,4264.0,4316.8,4211.2,4267.0,128
2023-01-23 01:00:00,4264.5,4317.4,4211.6,4268.5,129
2023-01-23 02:00:00,4265.0,4318.0,4212.0,4260.0,130
2023-01-23 03:00:00,4265.5,4318.6,4212.4,4261.5,131
2023-01-23 04:00:00,4266.0,4319.2,4212.8,4263.0,132
2023-01-23 05:00:00,4266.5,4319.8,4213.2,4264.5,133
2023-01-23 06:00:00,4267.0,4320.4,4213.6,4266.0,134
2023-01-23 07:00:00,4267.5,4321.0,4214.0,4267.5,135
2023-01-23 08:00:00,4268.0,4321.6,4214.4,4269.0,136
2023-01-23 09:00:00,4268.5,4322.2,4214.8,4270.5,137
2023-01-23 10:00:00,4269.0,4322.8,4215.2,4272.0,138
2023-01-23 11:00:00,4269.5,4323.4,4215.6,4273.5,139
2023-01-23 12:00:00,4270.0,4324.0,4216.0,4265.0,140
2023-01-23 13:00:00,4270.5,4324.6,4216.4,4266.5,141
2023-01-23 14:00:00,4271.0,4325.2,4216.8,4268.0,142
2023-01-23 15:00:00,4271.5,4325.8,4217.2,4269.5,143
2023-01-23 16:00:00,4272.0,4326.4,4217.6,4271.0,144
2023-01-23 17:00:00,4272.5,4327.0,4218.0,4272.5,145
2023-01-23 18:00:00,4273.0,4327.6,4218.4,4274.0,146
2023-01-23 19:00:00,4273.5,4328.2,4218.8,4275.5,147
2023-01-23 20:00:00,4274.0,4328.8,4219.2,4277.0,148
2023-01-23 21:00:00,4274.5,4329.4,4219.6,4278.5,149
2023-01-23 22:00:00,4275.0,4330.0,4220.0,4270.0,100
2023-01-23 23:00:00,4275.5,4330.6,4220.4,4271.5,101
2023-01-24 00:00:00,4276.0,4331.2,4220.8,4273.0,102
2023-01-24 01:00:00,4276.5,4331.8,4221.2,4274.5,103
2023-01-24 02:00:00,4277.0,4332.4,4221.6,4276.0,104
2023-01-24 03:00:00,4277.5,4333.0,4222.0,4277.5,105
2023-01-24 04:00:00,4278.0,4333.6,4222.4,4279.0,106
2023-01-24 05:00:00,4278.5,4334.2,4222.8,4280.5,107
2023-01-24 06:00:00,4279.0,4334.8,4223.2,4282.0,108
2023-01-24 07:00:00,4279.5,4335.4,4223.6,4283.5,109
2023-01-24 08:00:00,4280.0,4336.0,4224.0,4275.0,110
2023-01-24 09:00:00,4280.5,4336.6,4224.4,4276.5,111
2023-01-24 10:00:00,4281.0,4337.2,4224.8,4278.0,112
2023-01-24 11:00:00,4281.5,4337.8,4225.2,4279.5,113
2023-01-24 12:00:00,4282.0,4338.4,4225.6,4281.0,114
2023-01-24 13:00:00,4282.5,4339.0,4226.0,4282.5,115
2023-01-24 14:00:00,4283.0,4339.6,4226.4,4284.0,116
2023-01-24 15:00:00,4283.5,4340.2,4226.8,4285.5,117
2023-01-24 16:00:00,4284.0,4340.8,4227.2,4287.0,118
2023-01-24 17:00:00,4284.5,4341.4,4227.6,4288.5,119
2023-01-24 18:00:00,4285.0,4342.0,4228.0,4280.0,120
2023-01-24 19:00:00,4285.5,4342.6,4228.4,4281.5,121
2023-01-24 20:00:00,4286.0,4343.2,4228.8,4283.0,122
2023-01-24 21:00:00,4286.5,4343.8,4229.2,4284.5,123
2023-01-24 22:00:00,4287.0,4344.4,4229.6,4286.0,124
2023-01-24 23:00:00,4287.5,4345.0,4230.0,4287.5,125
2023-01-25 00:00:00,4288.0,4345.6,4230.4,4289.0,126
2023-01-25 01:00:00,4288.5,4346.2,4230.8,4290.5,127
2023-01-25 02:00:00,4289.0,4346.8,4231.2,4292.0,128
2023-01-25 03:00:00,4289.5,4347.4,4231.6,4293.5,129
2023-01-25 04:00:00,4290.0,4348.0,4232.0,4285.0,130
2023-01-25 05:00:00,4290.5,4348.6,4232.4,4286.5,131
2023-01-25 06:00:00,4291.0,4349.2,4232.8,4288.0,132
2023-01-25 07:00:00,4291.5,4349.8,4233.2,4289.5,133
2023-01-25 08:00:00,4292.0,4350.4,4233.6,4291.0,134
2023-01-25 09:00:00,4292.5,4351.0,4234.0,4292.5,135
2023-01-25 10:00:00,4293.0,4351.6,4234.4,4294.0,136
2023-01-25 11:00:00,4293.5,4352.2,4234.8,4295.5,137
2023-01-25 12:00:00,4294.0,4352.8,4235.2,4297.0,138
2023-01-25 13:00:00,4294.5,4353.4,4235.6,4298.5,139
2023-01-25 14:00:00,4295.0,4354.0,4236.0,4290.0,140
2023-01-25 15:00:00,4295.5,4354.6,4236.4,4291.5,141
2023-01-25 16:00:00,4296.0,4355.2,4236.8,4293.0,142
2023-01-25 17:00:00,4296.5,4355.8,4237.2,4294.5,143
2023-01-25 18:00:00,4297.0,4356.4,4237.6,4296.0,144
2023-01-25 19:00:00,4297.5,4357.0,4238.0,4297.5,145
2023-01-25 20:00:00,4298.0,4357.6,4238.4,4299.0,146
2023-01-25 21:00:00,4298.5,4358.2,4238.8,4300.5,147
2023-01-25 22:00:00,4299.0,4358.8,4239.2,4302.0,148
2023-01-25 23:00:00,4299.5,4359.4,4239.6,4303.5,149
2023-01-26 00:00:00,4300.0,4360.0,4240.0,4295.0,100
2023-01-26 01:00:00,4300.5,4360.6,4240.4,4296.5,101
2023-01-26 02:00:00,4301.0,4361.2,4240.8,4298.0,102
2023-01-26 03:00:00,4301.5,4361.8,4241.2,4299.5,103
2023-01-26 04:00:00,4302.0,4362.4,4241.6,4301.0,104
2023-01-26 05:00:00,4302.5,4363.0,4242.0,4302.5,105
2023-01-26 06:00:00,4303.0,4363.6,4242.4,4304.0,106
2023-01-26 07:00:00,4303.5,4364.2,4242.8,4305.5,107
2023-01-26 08:00:00,4304.0,4364.8,4243.2,4307.0,108
2023-01-26 09:00:00,4304.5,4365.4,4243.6,4308.5,109
2023-01-26 10:00:00,4305.0,4366.0,4244.0,4300.0,110
2023-01-26 11:00:00,4305.5,4366.6,4244.4,4301.5,111
2023-01-26 12:00:00,4306.0,4367.2,4244.8,4303.0,112
2023-01-26 13:00:00,4306.5,4367.8,4245.2,4304.5,113
2023-01-26 14:00:00,4307.0,4368.4,4245.6,4306.0,114
2023-01-26 15:00:00,4307.5,4369.0,4246.0,4307.5,115
2023-01-26 16:00:00,4308.0,4369.6,4246.4,4309.0,116
2023-01-26 17:00:00,4308.5,4370.2,4246.8,4310.5,117
2023-01-26 18:00:00,4309.0,4370.8,4247.2,4312.0,118
2023-01-26 19:00:00,4309.5,4371.4,4247.6,4313.5,119
2023-01-26 20:00:00,4310.0,4372.0,4248.0,4305.0,120
2023-01-26 21:00:00,4310.5,4372.6,4248.4,4306.5,121
2023-01-26 22:00:00,4311.0,4373.2,4248.8,4308.0,122
2023-01-26 23:00:00,4311.5,4373.8,4249.2,4309.5,123
2023-01-27 00:00:00,4312.0,4374.4,4249.6,4311.0,124
2023-01-27 01:00:00,4312.5,4375.0,4250.0,4312.5,125
2023-01-27 02:00:00,4313.0,4375.6,4250.4,4314.0,126
2023-01-27 03:00:00,4313.5,4376.2,4250.8,4315.5,127
2023-01-27 04:00:00,4314.0,4376.8,4251.2,4317.0,128
2023-01-27 05:00:00,4314.5,4377.4,4251.6,4318.5,129
2023-01-27 06:00:00,4315.0,4378.0,4252.0,4310.0,130
2023-01-27 07:00:00,4315.5,4378.6,4252.4,4311.5,131
2023-01-27 08:00:00,4316.0,4379.2,4252.8,4313.0,132
2023-01-27 09:00:00,4316.5,4379.8,4253.2,4314.5,133
2023-01-27 10:00:00,4317.0,4380.4,4253.6,4316.0,134
2023-01-27 11:00:00,4317.5,4381.0,4254.0,4317.5,135
2023-01-27 12:00:00,4318.0,4381.6,4254.4,4319.0,136
2023-01-27 13:00:00,4318.5,4382.2,4254.8,4320.5,137
2023-01-27 14:00:00,4319.0,4382.8,4255.2,4322.0,138
2023-01-27 15:00:00,4319.5,4383.4,4255.6,4323.5,139
2023-01-27 16:00:00,4320.0,4384.0,4256.0,4315.0,140
2023-01-27 17:00:00,4320.5,4384.6,4256.4,4316.5,141
2023-01-27 18:00:00,4321.0,4385.2,4256.8,4318.0,142
2023-01-27 19:00:00,4321.5,4385.8,4257.2,4319.5,143
2023-01-27 20:00:00,4322.0,4386.4,4257.6,4321.0,144
2023-01-27 21:00:00,4322.5,4387.0,4258.0,4322.5,145
2023-01-27 22:00:00,4323.0,4387.6,4258.4,4324.0,146
2023-01-27 23:00:00,4323.5,4388.2,4258.8,4325.5,147
2023-01-28 00:00:00,4324.0,4388.8,4259.2,4327.0,148
2023-01-28 01:00:00,4324.5,4389.4,4259.6,4328.5,149
2023-01-28 02:00:00,4325.0,4390.0,4260.0,4320.0,100
2023-01-28 03:00:00,4325.5,4390.6,4260.4,4321.5,101
2023-01-28 04:00:00,4326.0,4391.2,4260.8,4323.0,102
2023-01-28 05:00:00,4326.5,4391.8,4261.2,4324.5,103
2023-01-28 06:00:00,4327.0,4392.4,4261.6,4326.0,104
2023-01-28 07:00:00,4327.5,4393.0,4262.0,4327.5,105
2023-01-28 08:00:00,4328.0,4393.6,4262.4,4329.0,106
2023-01-28 09:00:00,4328.5,4394.2,4262.8,4330.5,107
2023-01-28 10:00:00,4329.0,4394.8,4263.2,4332.0,108
2023-01-28 11:00:00,4329.5,4395.4,4263.6,4333.5,109
2023-01-28 12:00:00,4330.0,4396.0,4264.0,4325.0,110
2023-01-28 13:00:00,4330.5,4396.6,4264.4,4326.5,111
2023-01-28 14:00:00,4331.0,4397.2,4264.8,4328.0,112
2023-01-28 15:00:00,4331.5,4397.8,4265.2,4329.5,113
2023-01-28 16:00:00,4332.0,4398.4,4265.6,4331.0,114
2023-01-28 17:00:00,4332.5,4399.0,4266.0,4332.5,115
2023-01-28 18:00:00,4333.0,4399.6,4266.4,4334.0,116
2023-01-28 19:00:00,4333.5,4400.2,4266.8,4335.5,117
2023-01-28 20:00:00,4334.0,4400.8,4267.2,4337.0,118
2023-01-28 21:00:00,4334.5,4401.4,4267.6,4338.5,119
2023-01-28 22:00:00,4335.0,4402.0,4268.0,4330.0,120
2023-01-28 23:00:00,4335.5,4402.6,4268.4,4331.5,121
2023-01-29 00:00:00,4336.0,4403.2,4268.8,4333.0,122
2023-01-29 01:00:00,4336.5,4403.8,4269.2,4334.5,123
2023-01-29 02:00:00,4337.0,4404.4,4269.6,4336.0,124
2023-01-29 03:00:00,4337.5,4405.0,4270.0,4337.5,125
2023-01-29 04:00:00,4338.0,4405.6,4270.4,4339.0,126
2023-01-29 05:00:00,4338.5,4406.2,4270.8,4340.5,127
2023-01-29 06:00:00,4339.0,4406.8,4271.2,4342.0,128
2023-01-29 07:00:00,4339.5,4407.4,4271.6,4343.5,129
2023-01-29 08:00:00,4340.0,4408.0,4272.0,4335.0,130
2023-01-29 09:00:00,4340.5,4408.6,4272.4,4336.5,131
2023-01-29 10:00:00,4341.0,4409.2,4272.8,4338.0,132
2023-01-29 11:00:00,4341.5,4409.8,4273.2,4339.5,133
2023-01-29 12:00:00,4342.0,4410.4,4273.6,4341.0,134
2023-01-29 13:00:00,4342.5,4411.0,4274.0,4342.5,135
2023-01-29 14:00:00,4343.0,4411.6,4274.4,4344.0,136
2023-01-29 15:00:00,4343.5,4412.2,4274.8,4345.5,137
2023-01-29 16:00:00,4344.0,4412.8,4275.2,4347.0,138
2023-01-29 17:00:00,4344.5,4413.4,4275.6,4348.5,139
2023-01-29 18:00:00,4345.0,4414.0,4276.0,4340.0,140
2023-01-29 19:00:00,4345.5,4414.6,4276.4,4341.5,141
2023-01-29 20:00:00,4346.0,4415.2,4276.8,4343.0,142
2023-01-29 21:00:00,4346.5,4415.8,4277.2,4344.5,143
2023-01-29 22:00:00,4347.0,4416.4,4277.6,4346.0,144
2023-01-29 23:00:00,4347.5,4417.0,4278.0,4347.5,145
2023-01-30 00:00:00,4348.0,4417.6,4278.4,4349.0,146
2023-01-30 01:00:00,4348.5,4418.2,4278.8,4350.5,147
2023-01-30 02:00:00,4349.0,4418.8,4279.2,4352.0,148
2023-01-30 03:00:00,4349.5,4419.4,4279.6,4353.5,149
2023-01-30 04:00:00,4350.0,4420.0,4280.0,4345.0,100
2023-01-30 05:00:00,4350.5,4420.6,4280.4,4346.5,101
2023-01-30 06:00:00,4351.0,4421.2,4280.8,4348.0,102
2023-01-30 07:00:00,4351.5,4421.8,4281.2,4349.5,103
2023-01-30 08:00:00,4352.0,4422.4,4281.6,4351.0,104
2023-01-30 09:00:00,4352.5,4423.0,4282.0,4352.5,105
2023-01-30 10:00:00,4353.0,4423.6,4282.4,4354.0,106
2023-01-30 11:00:00,4353.5,4424.2,4282.8,4355.5,107
2023-01-30 12:00:00,4354.0,4424.8,4283.2,4357.0,108
2023-01-30 13:00:00,4354.5,4425.4,4283.6,4358.5,109
2023-01-30 14:00:00,4355.0,4426.0,4284.0,4350.0,110
2023-01-30 15:00:00,4355.5,4426.6,4284.4,4351.5,111
2023-01-30 16:00:00,4356.0,4427.2,4284.8,4353.0,112
2023-01-30 17:00:00,4356.5,4427.8,4285.2,4354.5,113
2023-01-30 18:00:00,4357.0,4428.4,4285.6,4356.0,114
2023-01-30 19:00:00,4357.5,4429.0,4286.0,4357.5,115
2023-01-30 20:00:00,4358.0,4429.6,4286.4,4359.0,116
2023-01-30 21:00:00,4358.5,4430.2,4286.8,4360.5,117
2023-01-30 22:00:00,4359.0,4430.8,4287.2,4362.0,118
2023-01-30 23:00:00,4359.5,4431.4,4287.6,4363.5,119
2023-01-31 00:00:00,4360.0,4432.0,4288.0,4355.0,120
2023-01-31 01:00:00,4360.5,4432.6,4288.4,4356.5,121
2023-01-31 02:00:00,4361.0,4433.2,4288.8,4358.0,122
2023-01-31 03:00:00,4361.5,4433.8,4289.2,4359.5,123
2023-01-31 04:00:00,4362.0,4434.4,4289.6,4361.0,124
2023-01-31 05:00:00,4362.5,4435.0,4290.0,4362.5,125
2023-01-31 06:00:00,4363.0,4435.6,4290.4,4364.0,126
2023-01-31 07:00:00,4363.5,4436.2,4290.8,4365.5,127
2023-01-31 08:00:00,4364.0,4436.8,4291.2,4367.0,128
2023-01-31 09:00:00,4364.5,4437.4,4291.6,4368.5,129
2023-01-31 10:00:00,4365.0,4438.0,4292.0,4360.0,130
2023-01-31 11:00:00,4365.5,4438.6,4292.4,4361.5,131
2023-01-31 12:00:00,4366.0,4439.2,4292.8,4363.0,132
2023-01-31 13:00:00,4366.5,4439.8,4293.2,4364.5,133
2023-01-31 14:00:00,4367.0,4440.4,4293.6,4366.0,134
2023-01-31 15:00:00,4367.5,4441.0,4294.0,4367.5,135
2023-01-31 16:00:00,4368.0,4441.6,4294.4,4369.0,136
2023-01-31 17:00:00,4368.5,4442.2,4294.8,4370.5,137
2023-01-31 18:00:00,4369.0,4442.8,4295.2,4372.0,138
2023-01-31 19:00:00,4369.5,4443.4,4295.6,4373.5,139
2023-01-31 20:00:00,4370.0,4444.0,4296.0,4365.0,140
2023-01-31 21:00:00,4370.5,4444.6,4296.4,4366.5,141
2023-01-31 22:00:00,4371.0,4445.2,4296.8,4368.0,142
2023-01-31 23:00:00,4371.5,4445.8,4297.2,4369.5,143
2023-02-01 00:00:00,4372.0,4446.4,4297.6,4371.0,144
2023-02-01 01:00:00,4372.5,4447.0,4298.0,4372.5,145
2023-02-01 02:00:00,4373.0,4447.6,4298.4,4374.0,146
2023-02-01 03:00:00,4373.5,4448.2,4298.8,4375.5,147
2023-02-01 04:00:00,4374.0,4448.8,4299.2,4377.0,148
2023-02-01 05:00:00,4374.5,4449.4,4299.6,4378.5,149
2023-02-01 06:00:00,4375.0,4450.0,4300.0,4370.0,100
2023-02-01 07:00:00,4375.5,4450.6,4300.4,4371.5,101
2023-02-01 08:00:00,4376.0,4451.2,4300.8,4373.0,102
2023-02-01 09:00:00,4376.5,4451.8,4301.2,4374.5,103
2023-02-01 10:00:00,4377.0,4452.4,4301.6,4376.0,104
2023-02-01 11:00:00,4377.5,4453.0,4302.0,4377.5,105
2023-02-01 12:00:00,4378.0,4453.6,4302.4,4379.0,106
2023-02-01 13:00:00,4378.5,4454.2,4302.8,4380.5,107
2023-02-01 14:00:00,4379.0,4454.8,4303.2,4382.0,108
2023-02-01 15:00:00,4379.5,4455.4,4303.6,4383.5,109
2023-02-01 16:00:00,4380.0,4456.0,4304.0,4375.0,110
2023-02-01 17:00:00,4380.5,4456.6,4304.4,4376.5,111
2023-02-01 18:00:00,4381.0,4457.2,4304.8,4378.0,112
2023-02-01 19:00:00,4381.5,4457.8,4305.2,4379.5,113
2023-02-01 20:00:00,4382.0,4458.4,4305.6,4381.0,114
2023-02-01 21:00:00,4382.5,4459.0,4306.0,4382.5,115
2023-02-01 22:00:00,4383.0,4459.6,4306.4,4384.0,116
2023-02-01 23:00:00,4383.5,4460.2,4306.8,4385.5,117
2023-02-02 00:00:00,4384.0,4460.8,4307.2,4387.0,118
2023-02-02 01:00:00,4384.5,4461.4,4307.6,4388.5,119
2023-02-02 02:00:00,4385.0,4462.0,4308.0,4380.0,120
2023-02-02 03:00:00,4385.5,4462.6,4308.4,4381.5,121
2023-02-02 04:00:00,4386.0,4463.2,4308.8,4383.0,122
2023-02-02 05:00:00,4386.5,4463.8,4309.2,4384.5,123
2023-02-02 06:00:00,4387.0,4464.4,4309.6,4386.0,124
2023-02-02 07:00:00,4387.5,4465.0,4310.0,4387.5,125
2023-02-02 08:00:00,4388.0,4465.6,4310.4,4389.0,126
2023-02-02 09:00:00,4388.5,4466.2,4310.8,4390.5,127
2023-02-02 10:00:00,4389.0,4466.8,4311.2,4392.0,128
2023-02-02 11:00:00,4389.5,4467.4,4311.6,4393.5,129
2023-02-02 12:00:00,4390.0,4468.0,4312.0,4385.0,130
2023-02-02 13:00:00,4390.5,4468.6,4312.4,4386.5,131
2023-02-02 14:00:00,4391.0,4469.2,4312.8,4388.0,132
2023-02-02 15:00:00,4391.5,4469.8,4313.2,4389.5,133
2023-02-02 16:00:00,4392.0,4470.4,4313.6,4391.0,134
2023-02-02 17:00:00,4392.5,4471.0,4314.0,4392.5,135
2023-02-02 18:00:00,4393.0,4471.6,4314.4,4394.0,136
2023-02-02 19:00:00,4393.5,4472.2,4314.8,4395.5,137
2023-02-02 20:00:00,4394.0,4472.8,4315.2,4397.0,138
2023-02-02 21:00:00,4394.5,4473.4,4315.6,4398.5,139
2023-02-02 22:00:00,4395.0,4474.0,4316.0,4390.0,140
2023-02-02 23:00:00,4395.5,4474.6,4316.4,4391.5,141
2023-02-03 00:00:00,4396.0,4475.2,4316.8,4393.0,142
2023-02-03 01:00:00,4396.5,4475.8,4317.2,4394.5,143
2023-02-03 02:00:00,4397.0,4476.4,4317.6,4396.0,144
2023-02-03 03:00:00,4397.5,4477.0,4318.0,4397.5,145
2023-02-03 04:00:00,4398.0,4477.6,4318.4,4399.0,146
2023-02-03 05:00:00,4398.5,4478.2,4318.8,4400.5,147
2023-02-03 06:00:00,4399.0,4478.8,4319.2,4402.0,148
2023-02-03 07:00:00,4399.5,4479.4,4319.6,4403.5,149
2023-02-03 08:00:00,4400.0,4480.0,4320.0,4395.0,100
2023-02-03 09:00:00,4400.5,4480.6,4320.4,4396.5,101
2023-02-03 10:00:00,4401.0,4481.2,4320.8,4398.0,102
2023-02-03 11:00:00,4401.5,4481.8,4321.2,4399.5,103
2023-02-03 12:00:00,4402.0,4482.4,4321.6,4401.0,104
2023-02-03 13:00:00,4402.5,4483.0,4322.0,4402.5,105
2023-02-03 14:00:00,4403.0,4483.6,4322.4,4404.0,106
2023-02-03 15:00:00,4403.5,4484.2,4322.8,4405.5,107
2023-02-03 16:00:00,4404.0,4484.8,4323.2,4407.0,108
2023-02-03 17:00:00,4404.5,4485.4,4323.6,4408.5,109
2023-02-03 18:00:00,4405.0,4486.0,4324.0,4400.0,110
2023-02-03 19:00:00,4405.5,4486.6,4324.4,4401.5,111
2023-02-03 20:00:00,4406.0,4487.2,4324.8,4403.0,112
2023-02-03 21:00:00,4406.5,4487.8,4325.2,4404.5,113
2023-02-03 22:00:00,4407.0,4488.4,4325.6,4406.0,114
2023-02-03 23:00:00,4407.5,4489.0,4326.0,4407.5,115
2023-02-04 00:00:00,4408.0,4489.6,4326.4,4409.0,116
2023-02-04 01:00:00,4408.5,4490.2,4326.8,4410.5,117
2023-02-04 02:00:00,4409.0,4490.8,4327.2,4412.0,118
2023-02-04 03:00:00,4409.5,4491.4,4327.6,4413.5,119
2023-02-04 04:00:00,4410.0,4492.0,4328.0,4405.0,120
2023-02-04 05:00:00,4410.5,4492.6,4328.4,4406.5,121
2023-02-04 06:00:00,4411.0,4493.2,4328.8,4408.0,122
2023-02-04 07:00:00,4411.5,4493.8,4329.2,4409.5,123
2023-02-04 08:00:00,4412.0,4494.4,4329.6,4411.0,124
2023-02-04 09:00:00,4412.5,4495.0,4330.0,4412.5,125
2023-02-04 10:00:00,4413.0,4495.6,4330.4,4414.0,126
2023-02-04 11:00:00,4413.5,4496.2,4330.8,4415.5,127
2023-02-04 12:00:00,4414.0,4496.8,4331.2,4417.0,128
2023-02-04 13:00:00,4414.5,4497.4,4331.6,4418.5,129
2023-02-04 14:00:00,4415.0,4498.0,4332.0,4410.0,130
2023-02-04 15:00:00,4415.5,4498.6,4332.4,4411.5,131
2023-02-04 16:00:00,4416.0,4499.2,4332.8,4413.0,132
2023-02-04 17:00:00,4416.5,4499.8,4333.2,4414.5,133
2023-02-04 18:00:00,4417.0,4500.4,4333.6,4416.0,134
2023-02-04 19:00:00,4417.5,4501.0,4334.0,4417.5,135
2023-02-04 20:00:00,4418.0,4501.6,4334.4,4419.0,136
2023-02-04 21:00:00,4418.5,4502.2,4334.8,4420.5,137
2023-02-04 22:00:00,4419.0,4502.8,4335.2,4422.0,138
2023-02-04 23:00:00,4419.5,4503.4,4335.6,4423.5,139
2023-02-05 00:00:00,4420.0,4504.0,4336.0,4415.0,140
2023-02-05 01:00:00,4420.5,4504.6,4336.4,4416.5,141
2023-02-05 02:00:00,4421.0,4505.2,4336.8,4418.0,142
2023-02-05 03:00:00,4421.5,4505.8,4337.2,4419.5,143
2023-02-05 04:00:00,4422.0,4506.4,4337.6,4421.0,144
2023-02-05 05:00:00,4422.5,4507.0,4338.0,4422.5,145
2023-02-05 06:00:00,4423.0,4507.6,4338.4,4424.0,146
2023-02-05 07:00:00,4423.5,4508.2,4338.8,4425.5,147
2023-02-05 08:00:00,4424.0,4508.8,4339.2,4427.0,148
2023-02-05 09:00:00,4424.5,4509.4,4339.6,4428.5,149
2023-02-05 10:00:00,4425.0,4510.0,4340.0,4420.0,100
2023-02-05 11:00:00,4425.5,4510.6,4340.4,4421.5,101
2023-02-05 12:00:00,4426.0,4511.2,4340.8,4423.0,102
2023-02-05 13:00:00,4426.5,4511.8,4341.2,4424.5,103
2023-02-05 14:00:00,4427.0,4512.4,4341.6,4426.0,104
2023-02-05 15:00:00,4427.5,4513.0,4342.0,4427.5,105
2023-02-05 16:00:00,4428.0,4513.6,4342.4,4429.0,106
2023-02-05 17:00:00,4428.5,4514.2,4342.8,4430.5,107
2023-02-05 18:00:00,4429.0,4514.8,4343.2,4432.0,108
2023-02-05 19:00:00,4429.5,4515.4,4343.6,4433.5,109
2023-02-05 20:00:00,4430.0,4516.0,4344.0,4425.0,110
2023-02-05 21:00:00,4430.5,4516.6,4344.4,4426.5,111
2023-02-05 22:00:00,4431.0,4517.2,4344.8,4428.0,112
2023-02-05 23:00:00,4431.5,4517.8,4345.2,4429.5,113
2023-02-06 00:00:00,4432.0,4518.4,4345.6,4431.0,114
2023-02-06 01:00:00,4432.5,4519.0,4346.0,4432.5,115
2023-02-06 02:00:00,4433.0,4519.6,4346.4,4434.0,116
2023-02-06 03:00:00,4433.5,4520.2,4346.8,4435.5,117
2023-02-06 04:00:00,4434.0,4520.8,4347.2,4437.0,118
2023-02-06 05:00:00,4434.5,4521.4,4347.6,4438.5,119
2023-02-06 06:00:00,4435.0,4522.0,4348.0,4430.0,120
2023-02-06 07:00:00,4435.5,4522.6,4348.4,4431.5,121
2023-02-06 08:00:00,4436.0,4523.2,4348.8,4433.0,122
2023-02-06 09:00:00,4436.5,4523.8,4349.2,4434.5,123
2023-02-06 10:00:00,4437.0,4524.4,4349.6,4436.0,124
2023-02-06 11:00:00,4437.5,4525.0,4350.0,4437.5,125
2023-02-06 12:00:00,4438.0,4525.6,4350.4,4439.0,126
2023-02-06 13:00:00,4438.5,4526.2,4350.8,4440.5,127
2023-02-06 14:00:00,4439.0,4526.8,4351.2,4442.0,128
2023-02-06 15:00:00,4439.5,4527.4,4351.6,4443.5,129
2023-02-06 16:00:00,4440.0,4528.0,4352.0,4435.0,130
2023-02-06 17:00:00,4440.5,4528.6,4352.4,4436.5,131
2023-02-06 18:00:00,4441.0,4529.2,4352.8,4438.0,132
2023-02-06 19:00:00,4441.5,4529.8,4353.2,4439.5,133
2023-02-06 20:00:00,4442.0,4530.4,4353.6,4441.0,134
2023-02-06 21:00:00,4442.5,4531.0,4354.0,4442.5,135
2023-02-06 22:00:00,4443.0,4531.6,4354.4,4444.0,136
2023-02-06 23:00:00,4443.5,4532.2,4354.8,4445.5,137
2023-02-07 00:00:00,4444.0,4532.8,4355.2,4447.0,138
2023-02-07 01:00:00,4444.5,4533.4,4355.6,4448.5,139
2023-02-07 02:00:00,4445.0,4534.0,4356.0,4440.0,140
2023-02-07 03:00:00,4445.5,4534.6,4356.4,4441.5,141
2023-02-07 04:00:00,4446.0,4535.2,4356.8,4443.0,142
2023-02-07 05:00:00,4446.5,4535.8,4357.2,4444.5,143
2023-02-07 06:00:00,4447.0,4536.4,4357.6,4446.0,144
2023-02-07 07:00:00,4447.5,4537.0,4358.0,4447.5,145
2023-02-07 08:00:00,4448.0,4537.6,4358.4,4449.0,146
2023-02-07 09:00:00,4448.5,4538.2,4358.8,4450.5,147
2023-02-07 10:00:00,4449.0,4538.8,4359.2,4452.0,148
2023-02-07 11:00:00,4449.5,4539.4,4359.6,4453.5,149
2023-02-07 12:00:00,4450.0,4540.0,4360.0,4445.0,100
2023-02-07 13:00:00,4450.5,4540.6,4360.4,4446.5,101
2023-02-07 14:00:00,4451.0,4541.2,4360.8,4448.0,102
2023-02-07 15:00:00,4451.5,4541.8,4361.2,4449.5,103
2023-02-07 16:00:00,4452.0,4542.4,4361.6,4451.0,104
2023-02-07 17:00:00,4452.5,4543.0,4362.0,4452.5,105
2023-02-07 18:00:00,4453.0,4543.6,4362.4,4454.0,106
2023-02-07 19:00:00,4453.5,4544.2,4362.8,4455.5,107
2023-02-07 20:00:00,4454.0,4544.8,4363.2,4457.0,108
2023-02-07 21:00:00,4454.5,4545.4,4363.6,4458.5,109
2023-02-07 22:00:00,4455.0,4546.0,4364.0,4450.0,110
2023-02-07 23:00:00,4455.5,4546.6,4364.4,4451.5,111
2023-02-08 00:00:00,4456.0,4547.2,4364.8,4453.0,112
2023-02-08 01:00:00,4456.5,4547.8,4365.2,4454.5,113
2023-02-08 02:00:00,4457.0,4548.4,4365.6,4456.0,114
2023-02-08 03:00:00,4457.5,4549.0,4366.0,4457.5,115
2023-02-08 04:00:00,4458.0,4549.6,4366.4,4459.0,116
2023-02-08 05:00:00,4458.5,4550.2,4366.8,4460.5,117
2023-02-08 06:00:00,4459.0,4550.8,4367.2,4462.0,118
2023-02-08 07:00:00,4459.5,4551.4,4367.6,4463.5,119
2023-02-08 08:00:00,4460.0,4552.0,4368.0,4455.0,120
2023-02-08 09:00:00,4460.5,4552.6,4368.4,4456.5,121
2023-02-08 10:00:00,4461.0,4553.2,4368.8,4458.0,122
2023-02-08 11:00:00,4461.5,4553.8,4369.2,4459.5,123
2023-02-08 12:00:00,4462.0,4554.4,4369.6,4461.0,124
2023-02-08 13:00:00,4462.5,4555.0,4370.0,4462.5,125
2023-02-08 14:00:00,4463.0,4555.6,4370.4,4464.0,126
2023-02-08 15:00:00,4463.5,4556.2,4370.8,4465.5,127
2023-02-08 16:00:00,4464.0,4556.8,4371.2,4467.0,128
2023-02-08 17:00:00,4464.5,4557.4,4371.6,4468.5,129
2023-02-08 18:00:00,4465.0,4558.0,4372.0,4460.0,130
2023-02-08 19:00:00,4465.5,4558.6,4372.4,4461.5,131
2023-02-08 20:00:00,4466.0,4559.2,4372.8,4463.0,132
2023-02-08 21:00:00,4466.5,4559.8,4373.2,4464.5,133
2023-02-08 22:00:00,4467.0,4560.4,4373.6,4466.0,134
2023-02-08 23:00:00,4467.5,4561.0,4374.0,4467.5,135
2023-02-09 00:00:00,4468.0,4561.6,4374.4,4469.0,136
2023-02-09 01:00:00,4468.5,4562.2,4374.8,4470.5,137
2023-02-09 02:00:00,4469.0,4562.8,4375.2,4472.0,138
2023-02-09 03:00:00,4469.5,4563.4,4375.6,4473.5,139
2023-02-09 04:00:00,4470.0,4564.0,4376.0,4465.0,140
2023-02-09 05:00:00,4470.5,4564.6,4376.4,4466.5,141
2023-02-09 06:00:00,4471.0,4565.2,4376.8,4468.0,142
2023-02-09 07:00:00,4471.5,4565.8,4377.2,4469.5,143
2023-02-09 08:00:00,4472.0,4566.4,4377.6,4471.0,144
2023-02-09 09:00:00,4472.5,4567.0,4378.0,4472.5,145
2023-02-09 10:00:00,4473.0,4567.6,4378.4,4474.0,146
2023-02-09 11:00:00,4473.5,4568.2,4378.8,4475.5,147
2023-02-09 12:00:00,4474.0,4568.8,4379.2,4477.0,148
2023-02-09 13:00:00,4474.5,4569.4,4379.6,4478.5,149
2023-02-09 14:00:00,4475.0,4570.0,4380.0,4470.0,100
2023-02-09 15:00:00,4475.5,4570.6,4380.4,4471.5,101
2023-02-09 16:00:00,4476.0,4571.2,4380.8,4473.0,102
2023-02-09 17:00:00,4476.5,4571.8,4381.2,4474.5,103
2023-02-09 18:00:00,4477.0,4572.4,4381.6,4476.0,104
2023-02-09 19:00:00,4477.5,4573.0,4382.0,4477.5,105
2023-02-09 20:00:00,4478.0,4573.6,4382.4,4479.0,106
2023-02-09 21:00:00,4478.5,4574.2,4382.8,4480.5,107
2023-02-09 22:00:00,4479.0,4574.8,4383.2,4482.0,108
2023-02-09 23:00:00,4479.5,4575.4,4383.6,4483.5,109
2023-02-10 00:00:00,4480.0,4576.0,4384.0,4475.0,110
2023-02-10 01:00:00,4480.5,4576.6,4384.4,4476.5,111
2023-02-10 02:00:00,4481.0,4577.2,4384.8,4478.0,112
2023-02-10 03:00:00,4481.5,4577.8,4385.2,4479.5,113
2023-02-10 04:00:00,4482.0,4578.4,4385.6,4481.0,114
2023-02-10 05:00:00,4482.5,4579.0,4386.0,4482.5,115
2023-02-10 06:00:00,4483.0,4579.6,4386.4,4484.0,116
2023-02-10 07:00:00,4483.5,4580.2,4386.8,4485.5,117
2023-02-10 08:00:00,4484.0,4580.8,4387.2,4487.0,118
2023-02-10 09:00:00,4484.5,4581.4,4387.6,4488.5,119
2023-02-10 10:00:00,4485.0,4582.0,4388.0,4480.0,120
2023-02-10 11:00:00,4485.5,4582.6,4388.4,4481.5,121
2023-02-10 12:00:00,4486.0,4583.2,4388.8,4483.0,122
2023-02-10 13:00:00,4486.5,4583.8,4389.2,4484.5,123
2023-02-10 14:00:00,4487.0,4584.4,4389.6,4486.0,124
2023-02-10 15:00:00,4487.5,4585.0,4390.0,4487.5,125
2023-02-10 16:00:00,4488.0,4585.6,4390.4,4489.0,126
2023-02-10 17:00:00,4488.5,4586.2,4390.8,4490.5,127
2023-02-10 18:00:00,4489.0,4586.8,4391.2,4492.0,128
2023-02-10 19:00:00,4489.5,4587.4,4391.6,4493.5,129
2023-02-10 20:00:00,4490.0,4588.0,4392.0,4485.0,130
2023-02-10 21:00:00,4490.5,4588.6,4392.4,4486.5,131
2023-02-10 22:00:00,4491.0,4589.2,4392.8,4488.0,132
2023-02-10 23:00:00,4491.5,4589.8,4393.2,4489.5,133
2023-02-11 00:00:00,4492.0,4590.4,4393.6,4491.0,134
2023-02-11 01:00:00,4492.5,4591.0,4394.0,4492.5,135
2023-02-11 02:00:00,4493.0,4591.6,4394.4,4494.0,136
2023-02-11 03:00:00,4493.5,4592.2,4394.8,4495.5,137
2023-02-11 04:00:00,4494.0,4592.8,4395.2,4497.0,138
2023-02-11 05:00:00,4494.5,4593.4,4395.6,4498.5,139
2023-02-11 06:00:00,4495.0,4594.0,4396.0,4490.0,140
2023-02-11 07:00:00,4495.5,4594.6,4396.4,4491.5,141
2023-02-11 08:00:00,4496.0,4595.2,4396.8,4493.0,142
2023-02-11 09:00:00,4496.5,4595.8,4397.2,4494.5,143
2023-02-11 10:00:00,4497.0,4596.4,4397.6,4496.0,144
2023-02-11 11:00:00,4497.5,4597.0,4398.0,4497.5,145
2023-02-11 12:00:00,4498.0,4597.6,4398.4,4499.0,146
2023-02-11 13:00:00,4498.5,4598.2,4398.8,4500.5,147
2023-02-11 14:00:00,4499.0,4598.8,4399.2,4502.0,148
2023-02-11 15:00:00,4499.5,4599.4,4399.6,4503.5,149
